<?xml version="1.0" encoding="UTF-8"?>
<project-private xmlns="http://www.netbeans.org/ns/project-private/1">
    <editor-bookmarks xmlns="http://www.netbeans.org/ns/editor-bookmarks/2" lastBookmarkId="0"/>
    <open-files xmlns="http://www.netbeans.org/ns/projectui-open-files/2">
        <group>
            <file>file:/E:/UKK%20REMIDI/adamwahyup-2-12-RPL-1-main/src/beranda.java</file>
            <file>file:/E:/UKK%20REMIDI/adamwahyup-2-12-RPL-1-main/src/login.java</file>
            <file>file:/E:/UKK%20REMIDI/adamwahyup-2-12-RPL-1-main/src/koneksi.java</file>
        </group>
    </open-files>
</project-private>
